URL_ID,URL
123,https://insights.blackcoffer.com/rise-of-telemedicine-and-its-impact-on-livelihood-by-2040-3-2/
321,https://insights.blackcoffer.com/rise-of-e-health-and-its-impact-on-humans-by-the-year-2030/
432,https://insights.blackcoffer.com/rise-of-telemedicine-and-its-impact-on-livelihood-by-2040-2-2/
2893.8,https://insights.blackcoffer.com/rise-of-chatbots-and-its-impact-on-customer-support-by-the-year-2040/
3355.6,https://insights.blackcoffer.com/rise-of-e-health-and-its-imapct-on-humans-by-the-year-2030/
3817.4,https://insights.blackcoffer.com/how-does-marketing-influence-businesses-and-consumers/
4279.2,https://insights.blackcoffer.com/how-advertisement-increase-your-market-value/
4741,https://insights.blackcoffer.com/negative-effects-of-marketing-on-society/
5202.8,https://insights.blackcoffer.com/how-advertisement-marketing-affects-business/
5664.6,https://insights.blackcoffer.com/rising-it-cities-will-impact-the-economy-environment-infrastructure-and-city-life-by-the-year-2035/
6126.4,https://insights.blackcoffer.com/rise-of-ott-platform-and-its-impact-on-entertainment-industry-by-the-year-2030/
6588.2,https://insights.blackcoffer.com/rise-of-electric-vehicles-and-its-impact-on-livelihood-by-2040/
7050,https://insights.blackcoffer.com/rise-of-electric-vehicle-and-its-impact-on-livelihood-by-the-year-2040/
7511.8,https://insights.blackcoffer.com/oil-prices-by-the-year-2040-and-how-it-will-impact-the-world-economy/
7973.6,https://insights.blackcoffer.com/an-outlook-of-healthcare-by-the-year-2040-and-how-it-will-impact-human-lives/
8435.4,https://insights.blackcoffer.com/ai-in-healthcare-to-improve-patient-outcomes/
8897.2,https://insights.blackcoffer.com/what-if-the-creation-is-taking-over-the-creator/
9359,https://insights.blackcoffer.com/what-jobs-will-robots-take-from-humans-in-the-future/
9820.8,https://insights.blackcoffer.com/will-machine-replace-the-human-in-the-future-of-work/
10282.6,https://insights.blackcoffer.com/will-ai-replace-us-or-work-with-us/
10744.4,https://insights.blackcoffer.com/man-and-machines-together-machines-are-more-diligent-than-humans-blackcoffe/
11206.2,https://insights.blackcoffer.com/in-future-or-in-upcoming-years-humans-and-machines-are-going-to-work-together-in-every-field-of-work/
11668,https://insights.blackcoffer.com/how-neural-networks-can-be-applied-in-various-areas-in-the-future/
12129.8,https://insights.blackcoffer.com/how-machine-learning-will-affect-your-business/
12591.6,https://insights.blackcoffer.com/deep-learning-impact-on-areas-of-e-learning/
13053.4,https://insights.blackcoffer.com/how-to-protect-future-data-and-its-privacy-blackcoffer/
13515.2,https://insights.blackcoffer.com/how-machines-ai-automations-and-robo-human-are-effective-in-finance-and-banking/
13977,https://insights.blackcoffer.com/ai-human-robotics-machine-future-planet-blackcoffer-thinking-jobs-workplace/
14438.8,https://insights.blackcoffer.com/how-ai-will-change-the-world-blackcoffer/
14900.6,https://insights.blackcoffer.com/future-of-work-how-ai-has-entered-the-workplace/
15362.4,https://insights.blackcoffer.com/ai-tool-alexa-google-assistant-finance-banking-tool-future/
15824.2,https://insights.blackcoffer.com/ai-healthcare-revolution-ml-technology-algorithm-google-analytics-industrialrevolution/
16286,https://insights.blackcoffer.com/all-you-need-to-know-about-online-marketing/
16747.8,https://insights.blackcoffer.com/evolution-of-advertising-industry/
17209.6,https://insights.blackcoffer.com/how-data-analytics-can-help-your-business-respond-to-the-impact-of-covid-19/
17671.4,https://insights.blackcoffer.com/covid-19-environmental-impact-for-the-future/
18133.2,https://insights.blackcoffer.com/environmental-impact-of-the-covid-19-pandemic-lesson-for-the-future/
18595,https://insights.blackcoffer.com/how-data-analytics-and-ai-are-used-to-halt-the-covid-19-pandemic/
19056.8,https://insights.blackcoffer.com/difference-between-artificial-intelligence-machine-learning-statistics-and-data-mining/
19518.6,https://insights.blackcoffer.com/how-python-became-the-first-choice-for-data-science/
19980.4,https://insights.blackcoffer.com/how-google-fit-measure-heart-and-respiratory-rates-using-a-phone/
20442.2,https://insights.blackcoffer.com/what-is-the-future-of-mobile-apps/
20904,https://insights.blackcoffer.com/impact-of-ai-in-health-and-medicine/
21365.8,https://insights.blackcoffer.com/telemedicine-what-patients-like-and-dislike-about-it/
21827.6,https://insights.blackcoffer.com/how-we-forecast-future-technologies/
22289.4,https://insights.blackcoffer.com/can-robots-tackle-late-life-loneliness/
22751.2,https://insights.blackcoffer.com/embedding-care-robots-into-society-socio-technical-considerations/
23213,https://insights.blackcoffer.com/management-challenges-for-future-digitalization-of-healthcare-services/
23674.8,https://insights.blackcoffer.com/are-we-any-closer-to-preventing-a-nuclear-holocaust/
24136.6,https://insights.blackcoffer.com/will-technology-eliminate-the-need-for-animal-testing-in-drug-development/
24598.4,https://insights.blackcoffer.com/will-we-ever-understand-the-nature-of-consciousness/
25060.2,https://insights.blackcoffer.com/will-we-ever-colonize-outer-space/
25522,https://insights.blackcoffer.com/what-is-the-chance-homo-sapiens-will-survive-for-the-next-500-years/
25983.8,https://insights.blackcoffer.com/why-does-your-business-need-a-chatbot/
26445.6,https://insights.blackcoffer.com/how-you-lead-a-project-or-a-team-without-any-technical-expertise/
26907.4,https://insights.blackcoffer.com/can-you-be-great-leader-without-technical-expertise/
27369.2,https://insights.blackcoffer.com/how-does-artificial-intelligence-affect-the-environment/
27831,https://insights.blackcoffer.com/how-to-overcome-your-fear-of-making-mistakes-2/
28292.8,https://insights.blackcoffer.com/is-perfection-the-greatest-enemy-of-productivity/
28754.6,https://insights.blackcoffer.com/global-financial-crisis-2008-causes-effects-and-its-solution/
29216.4,https://insights.blackcoffer.com/gender-diversity-and-equality-in-the-tech-industry/
29678.2,https://insights.blackcoffer.com/how-to-overcome-your-fear-of-making-mistakes/
30140,https://insights.blackcoffer.com/how-small-business-can-survive-the-coronavirus-crisis/
30601.8,https://insights.blackcoffer.com/impacts-of-covid-19-on-vegetable-vendors-and-food-stalls/
31063.6,https://insights.blackcoffer.com/impacts-of-covid-19-on-vegetable-vendors/
31525.4,https://insights.blackcoffer.com/impact-of-covid-19-pandemic-on-tourism-aviation-industries/
31987.2,https://insights.blackcoffer.com/impact-of-covid-19-pandemic-on-sports-events-around-the-world/
32449,https://insights.blackcoffer.com/changing-landscape-and-emerging-trends-in-the-indian-it-ites-industry/
32910.8,https://insights.blackcoffer.com/online-gaming-adolescent-online-gaming-effects-demotivated-depression-musculoskeletal-and-psychosomatic-symptoms/
33372.6,https://insights.blackcoffer.com/human-rights-outlook/
33834.4,https://insights.blackcoffer.com/how-voice-search-makes-your-business-a-successful-business/
34296.2,https://insights.blackcoffer.com/how-the-covid-19-crisis-is-redefining-jobs-and-services/
34758,https://insights.blackcoffer.com/how-to-increase-social-media-engagement-for-marketers/
35219.8,https://insights.blackcoffer.com/impacts-of-covid-19-on-streets-sides-food-stalls/
35681.6,https://insights.blackcoffer.com/coronavirus-impact-on-energy-markets-2/
36143.4,https://insights.blackcoffer.com/coronavirus-impact-on-the-hospitality-industry-5/
36605.2,https://insights.blackcoffer.com/lessons-from-the-past-some-key-learnings-relevant-to-the-coronavirus-crisis-4/
37067,https://insights.blackcoffer.com/estimating-the-impact-of-covid-19-on-the-world-of-work-2/
37528.8,https://insights.blackcoffer.com/estimating-the-impact-of-covid-19-on-the-world-of-work-3/
37990.6,https://insights.blackcoffer.com/travel-and-tourism-outlook/
38452.4,https://insights.blackcoffer.com/gaming-disorder-and-effects-of-gaming-on-health/
38914.2,https://insights.blackcoffer.com/what-is-the-repercussion-of-the-environment-due-to-the-covid-19-pandemic-situation/
39376,https://insights.blackcoffer.com/what-is-the-repercussion-of-the-environment-due-to-the-covid-19-pandemic-situation-2/
39837.8,https://insights.blackcoffer.com/impact-of-covid-19-pandemic-on-office-space-and-co-working-industries/
40299.6,https://insights.blackcoffer.com/contribution-of-handicrafts-visual-arts-literature-in-the-indian-economy/
40761.4,https://insights.blackcoffer.com/how-covid-19-is-impacting-payment-preferences/
41223.2,https://insights.blackcoffer.com/how-will-covid-19-affect-the-world-of-work-2/
41685,https://insights.blackcoffer.com/lessons-from-the-past-some-key-learnings-relevant-to-the-coronavirus-crisis/
42146.8,https://insights.blackcoffer.com/covid-19-how-have-countries-been-responding/
42608.6,https://insights.blackcoffer.com/coronavirus-impact-on-the-hospitality-industry-2/
43070.4,https://insights.blackcoffer.com/how-will-covid-19-affect-the-world-of-work-3/
43532.2,https://insights.blackcoffer.com/coronavirus-impact-on-the-hospitality-industry-3/
43994,https://insights.blackcoffer.com/estimating-the-impact-of-covid-19-on-the-world-of-work/
44455.8,https://insights.blackcoffer.com/covid-19-how-have-countries-been-responding-2/
44917.6,https://insights.blackcoffer.com/how-will-covid-19-affect-the-world-of-work-4/
45379.4,https://insights.blackcoffer.com/lessons-from-the-past-some-key-learnings-relevant-to-the-coronavirus-crisis-2/
45841.2,https://insights.blackcoffer.com/lessons-from-the-past-some-key-learnings-relevant-to-the-coronavirus-crisis-3/
46303,https://insights.blackcoffer.com/coronavirus-impact-on-the-hospitality-industry-4/
46764.8,https://insights.blackcoffer.com/why-scams-like-nirav-modi-happen-with-indian-banks/
47226.6,https://insights.blackcoffer.com/impact-of-covid-19-on-the-global-economy/
47688.4,https://insights.blackcoffer.com/impact-of-covid-19coronavirus-on-the-indian-economy-2/
48150.2,https://insights.blackcoffer.com/impact-of-covid-19-on-the-global-economy-2/
48612,https://insights.blackcoffer.com/impact-of-covid-19-coronavirus-on-the-indian-economy-3/
49073.8,https://insights.blackcoffer.com/should-celebrities-be-allowed-to-join-politics/
49535.6,https://insights.blackcoffer.com/how-prepared-is-india-to-tackle-a-possible-covid-19-outbreak/
49997.4,https://insights.blackcoffer.com/how-will-covid-19-affect-the-world-of-work/
50459.2,https://insights.blackcoffer.com/controversy-as-a-marketing-strategy/
50921,https://insights.blackcoffer.com/coronavirus-impact-on-the-hospitality-industry/
51382.8,https://insights.blackcoffer.com/coronavirus-impact-on-energy-markets/
51844.6,https://insights.blackcoffer.com/what-are-the-key-policies-that-will-mitigate-the-impacts-of-covid-19-on-the-world-of-work/
52306.4,https://insights.blackcoffer.com/marketing-drives-results-with-a-focus-on-problems/
52768.2,https://insights.blackcoffer.com/continued-demand-for-sustainability/
4321,https://insights.blackcoffer.com/rise-of-telemedicine-and-its-impact-on-livelihood-by-2040-2/
2345,https://insights.blackcoffer.com/rise-of-e-health-and-its-imapct-on-humans-by-the-year-2030-2/
